,name,company,year,Price,kms_driven,fuel_type
0,Grand i10 Magna 1.2 Kappa VTVT,Hyundai,2014,325000.0,28000.0,Petrol
1,EcoSport Titanium 1.5L TDCi,Ford,2014,575000.0,36000.0,Diesel
2,Figo,Ford,2012,175000.0,41000.0,Diesel
3,Eon,Hyundai,2013,190000.0,25000.0,Petrol
4,EcoSport Ambiente 1.5L TDCi,Ford,2016,830000.0,24530.0,Diesel
5,Suzuki Alto K10 VXi AMT,Maruti,2015,250000.0,60000.0,Petrol
6,Fabia Classic 1.2 MPI,Skoda,2010,182000.0,60000.0,Petrol
7,Suzuki Stingray VXi,Maruti,2015,315000.0,30000.0,Petrol
8,Elite i20 Magna 1.2,Hyundai,2014,415000.0,32000.0,Petrol
9,Scorpio SLE BS IV,Mahindra,2015,320000.0,48660.0,Diesel
10,A8,Audi,2017,1000000.0,4000.0,Petrol
11,Q7,Audi,2014,500000.0,16934.0,Diesel
12,Scorpio S10,Mahindra,2016,350000.0,43000.0,Diesel
13,Suzuki Alto 800,Maruti,2014,160000.0,35550.0,Petrol
14,Scorpio S10,Mahindra,2016,310000.0,39522.0,Diesel
15,Suzuki Alto 800 Lx,Maruti,2017,190000.0,72000.0,Petrol
16,Suzuki Vitara Brezza ZDi,Maruti,2016,290000.0,15975.0,Diesel
17,Bolero DI,Mahindra,2017,180000.0,23452.0,Diesel
18,Suzuki Swift Dzire ZDi,Maruti,2014,385000.0,35522.0,Diesel
19,Scorpio S10 4WD,Mahindra,2015,250000.0,48508.0,Diesel
20,Suzuki Swift Vdi BSIII,Maruti,2017,180000.0,15487.0,Petrol
21,Suzuki Wagon R VXi BS III,Maruti,2013,105000.0,39000.0,Petrol
22,Suzuki Wagon R VXi Minor,Maruti,2013,105000.0,39000.0,Petrol
23,Innova 2.0 G 8 STR BS IV,Toyota,2012,650000.0,82000.0,Diesel
24,Lodgy 85 PS RXL,Renault,2018,689999.0,20000.0,Diesel
25,Yeti Ambition 2.0 TDI CR 4x2,Skoda,2012,448000.0,68000.0,Diesel
26,Suzuki Baleno Delta 1.2,Maruti,2017,549000.0,32000.0,Diesel
27,Duster 110 PS RxZ Diesel Plus,Renault,2012,501000.0,38000.0,Diesel
28,Duster 85 PS RxE Diesel,Renault,2013,489999.0,27000.0,Diesel
29,City 1.5 S MT,Honda,2011,280000.0,33000.0,Petrol
30,Suzuki Dzire,Maruti,2013,349999.0,46000.0,Diesel
31,Amaze,Honda,2013,284999.0,46000.0,Diesel
32,Amaze 1.5 SX i DTEC,Honda,2015,345000.0,36000.0,Diesel
33,City,Honda,2015,499999.0,55000.0,Petrol
34,Redi GO S,Datsun,2017,235000.0,16000.0,Petrol
35,Suzuki SX4 ZXI MT,Maruti,2010,249999.0,36000.0,Petrol
36,Pajero Sport Limited Edition,Mitsubishi,2015,1475000.0,47000.0,Diesel
37,Scorpio S10,Mahindra,2015,395000.0,35000.0,Diesel
38,Suzuki Swift VXi 1.2 ABS BS IV,Maruti,2017,220000.0,30874.0,Petrol
39,City ZX CVT,Honda,2017,170000.0,15000.0,Diesel
40,Indigo eCS LS CR4 BS IV,Tata,2017,200000.0,130000.0,Diesel
41,Scorpio SLE BS IV,Mahindra,2012,570000.0,19000.0,Diesel
42,Polo Highline Exquisite P,Volkswagen,2014,315000.0,60000.0,Petrol
43,Spark LS 1.0,Chevrolet,2010,110000.0,41000.0,Petrol
44,Duster 110PS Diesel RxZ,Renault,2012,501000.0,35000.0,Diesel
45,City,Honda,2015,448999.0,54000.0,Petrol
46,Cooper S 1.6,Mini,2013,1891111.0,13000.0,Petrol
47,Fabia 1.2L Diesel Ambiente,Skoda,2011,159500.0,38200.0,Diesel
48,Amaze,Honda,2015,344999.0,22000.0,Petrol
49,Duster,Renault,2014,449999.0,50000.0,Diesel
50,Cooper S 1.6,Mini,2013,1891111.0,13500.0,Petrol
51,Scorpio S4,Mahindra,2015,865000.0,30000.0,Diesel
52,Scorpio VLX 2WD BS IV,Mahindra,2014,699000.0,50000.0,Diesel
53,Quanto C8,Mahindra,2013,375000.0,20000.0,Diesel
54,EcoSport,Ford,2017,489999.0,39000.0,Petrol
55,Brio,Honda,2012,224999.0,30000.0,Petrol
56,Vento Highline Plus 1.5 Diesel AT,Volkswagen,2019,1200000.0,3600.0,Diesel
57,i20 Magna,Hyundai,2009,195000.0,32000.0,Petrol
58,Corolla Altis Diesel D4DG,Toyota,2010,351000.0,38000.0,Diesel
59,Verna Transform SX VTVT,Hyundai,2008,160000.0,45000.0,Petrol
60,Corolla Altis Petrol Ltd,Toyota,2009,240000.0,35000.0,Petrol
61,Fabia 1.2L Diesel Elegance,Skoda,2011,155000.0,45863.0,Diesel
62,3 Series 320i,BMW,2011,600000.0,60500.0,Petrol
63,Suzuki A Star Lxi,Maruti,2011,189500.0,12500.0,Petrol
64,Etios GD,Toyota,2013,350000.0,60000.0,Diesel
65,Figo Diesel EXI Option,Ford,2012,210000.0,35000.0,Diesel
66,Suzuki Swift Dzire VXi 1.2 BS IV,Maruti,2014,390000.0,35000.0,Petrol
67,Beat LT Diesel,Chevrolet,2012,135000.0,45000.0,Diesel
68,7 Series 740Li Sedan,BMW,2009,1600000.0,35000.0,Petrol
69,XUV500 W8 AWD 2013,Mahindra,2013,701000.0,38000.0,Diesel
70,i10 Magna 1.2,Hyundai,2014,265000.0,18000.0,Petrol
71,Verna Fluidic New,Hyundai,2015,525000.0,35000.0,Diesel
72,Suzuki Swift VXi 1.2 BS IV,Maruti,2013,372000.0,13349.0,Petrol
73,Suzuki Ertiga ZXI Plus,Maruti,2016,635000.0,29000.0,Petrol
74,EcoSport Titanium 1.5L TDCi,Ford,2014,550000.0,44000.0,Diesel
75,Suzuki Ertiga Vxi,Maruti,2016,575000.0,29000.0,Petrol
76,Suzuki Ertiga VDi,Maruti,2013,485000.0,42000.0,Diesel
77,Suzuki Alto LXi BS III,Maruti,2012,155000.0,14000.0,Petrol
78,Grand i10 Asta 1.1 CRDi,Hyundai,2014,345000.0,49000.0,Diesel
79,Amaze 1.2 S i VTEC,Honda,2014,325000.0,42000.0,Petrol
80,i20 Asta 1.4 CRDI 6 Speed,Hyundai,2012,329500.0,36200.0,Diesel
81,Figo Diesel EXI,Ford,2014,195000.0,50000.0,Diesel
82,Suzuki Eeco 5 STR WITH AC HTR,Maruti,2015,251111.0,55000.0,Petrol
83,Suzuki Ertiga ZXi,Maruti,2014,569999.0,45000.0,Petrol
84,Suzuki Ritz VXI,Maruti,2014,299999.0,19000.0,Petrol
85,Suzuki Dzire,Maruti,2009,220000.0,46000.0,Petrol
86,Suzuki Ritz LDi,Maruti,2013,399999.0,33000.0,Diesel
87,Suzuki Dzire VDI,Maruti,2015,450000.0,104000.0,Diesel
88,Etios Liva G,Toyota,2014,270000.0,55000.0,Petrol
89,i20 Sportz 1.4 CRDI,Hyundai,2011,350000.0,33333.0,Diesel
90,Spark,Chevrolet,2012,158400.0,33600.0,Petrol
91,Suzuki Alto K10 VXi AMT,Maruti,2017,350000.0,5600.0,Petrol
92,Micra XV,Nissan,2011,179000.0,41000.0,Petrol
93,Suzuki Swift,Maruti,2007,125000.0,70000.0,Petrol
94,Suzuki Alto 800,Maruti,2018,200000.0,7500.0,Petrol
95,Amaze 1.5 S i DTEC,Honda,2013,299000.0,45000.0,Diesel
96,Suzuki Alto 800 Vxi,Maruti,2015,220000.0,38000.0,Petrol
97,Beat,Chevrolet,2015,150000.0,30000.0,Petrol
98,City 1.5 V MT,Honda,2010,285000.0,35000.0,Petrol
99,EcoSport Trend 1.5L TDCi,Ford,2016,830000.0,24330.0,Diesel
100,i20 Asta 1.2,Hyundai,2009,210000.0,65480.0,Petrol
101,Suzuki Swift Dzire VXi 1.2 BS IV,Maruti,2013,340000.0,41000.0,Petrol
102,Corolla Altis 1.8 GL,Toyota,2010,289999.0,70000.0,Petrol
103,Corolla Altis 1.8 J,Toyota,2012,349999.0,59000.0,Petrol
104,Innova 2.5 GX BS IV 7 STR,Toyota,2012,849999.0,99000.0,Diesel
105,Jetta Highline TDI AT,Volkswagen,2014,749999.0,46000.0,Diesel
106,Polo Comfortline 1.2L P,Volkswagen,2015,399999.0,2800.0,Petrol
107,Polo,Volkswagen,2014,274999.0,32000.0,Petrol
108,Scorpio,Mahindra,2015,984999.0,22000.0,Diesel
109,Sunny,Nissan,2012,224999.0,45000.0,Petrol
110,Elite i20,Hyundai,2018,599999.0,21000.0,Petrol
111,Kwid,Renault,2016,244999.0,11000.0,Petrol
112,Duster,Renault,2013,399999.0,41000.0,Diesel
113,Duster,Renault,2014,474999.0,50000.0,Diesel
114,Scorpio VLX Airbag,Mahindra,2011,499999.0,66000.0,Diesel
115,Suzuki Alto 800 Lxi,Maruti,2018,310000.0,3000.0,Petrol
116,Redi GO T O,Datsun,2016,245000.0,7000.0,Petrol
117,Suzuki Swift RS VDI,Maruti,2010,189500.0,38500.0,Diesel
118,Punto Emotion 1.2,Fiat,2012,169500.0,37200.0,Diesel
119,Suzuki Swift RS VDI,Maruti,2010,159500.0,43200.0,Diesel
120,Etios GD,Toyota,2013,275000.0,24800.0,Petrol
121,i20 Sportz 1.4 CRDI,Hyundai,2014,370000.0,60000.0,Diesel
122,i10 Sportz 1.2,Hyundai,2010,168000.0,45872.0,Petrol
123,Beat LT Opt Diesel,Chevrolet,2011,150000.0,40000.0,Diesel
124,Beat LS Diesel,Chevrolet,2011,145000.0,45000.0,Diesel
125,Corolla Altis 1.8 J,Toyota,2015,575000.0,42000.0,Petrol
126,City 1.5 V MT,Honda,2014,549000.0,39000.0,Petrol
127,Suzuki Swift VDi,Maruti,2011,209000.0,47000.0,Diesel
128,Eon Era Plus,Hyundai,2013,185000.0,27000.0,Petrol
129,Scorpio S10,Mahindra,2015,900000.0,97200.0,Diesel
130,XUV500,Mahindra,2014,699999.0,52000.0,Diesel
131,Fiesta,Ford,2011,274999.0,55000.0,Diesel
132,City,Honda,2015,599999.0,30000.0,Diesel
133,Suzuki Wagon R,Maruti,2012,199999.0,44000.0,Petrol
134,City,Honda,2014,544999.0,45000.0,Diesel
135,i20,Hyundai,2009,199000.0,31000.0,Petrol
136,Indigo eCS LX TDI BS III,Tata,2016,320000.0,175430.0,Diesel
137,Fluidic Verna 1.6 CRDi SX,Hyundai,2015,540000.0,38000.0,Diesel
138,Quanto C8,Mahindra,2013,340000.0,37000.0,Diesel
139,Suzuki Ciaz VXi Plus,Maruti,2016,700000.0,3350.0,Petrol
140,Creta 1.6 SX Plus Petrol,Hyundai,2017,895000.0,32000.0,Petrol
141,Scorpio SLX,Mahindra,2007,355000.0,75000.0,Diesel
142,Scorpio SLE BS IV,Mahindra,2012,565000.0,62000.0,Diesel
143,Innova 2.5 G BS III 8 STR,Toyota,2006,365000.0,73000.0,Diesel
144,Suzuki Alto K10 VXi AMT,Maruti,2011,145000.0,41000.0,Petrol
145,Suzuki Wagon R LXI BS IV,Maruti,2011,210000.0,35000.0,Petrol
146,Suzuki Alto Std BS IV,Maruti,2013,125000.0,39000.0,Petrol
147,Suzuki Wagon R LXi BS III,Maruti,2009,135000.0,45000.0,Petrol
148,Suzuki Swift VXI BSIII,Maruti,2006,135000.0,45000.0,Petrol
149,Sumo Victa EX 10 by 7 Str BSIII,Tata,2012,285000.0,65000.0,Diesel
150,Suzuki Wagon R LXi BS III,Maruti,2010,145000.0,54870.0,Petrol
151,Suzuki Alto LXi BS III,Maruti,2010,135000.0,34580.0,Petrol
152,Passat Diesel Comfortline AT,Volkswagen,2009,450000.0,97000.0,Diesel
153,Scala RxL Diesel Travelogue,Renault,2015,375000.0,25000.0,Diesel
154,Grand i10 Sportz O 1.2 Kappa VTVT,Hyundai,2014,365000.0,20000.0,Petrol
155,i20 Active 1.2 SX,Hyundai,2015,500000.0,18000.0,Petrol
156,Xylo E4,Mahindra,2012,400000.0,35000.0,Diesel
157,Bolero SLE BS IV,Mahindra,2013,330000.0,80200.0,Diesel
158,Motors  One LX ABS 7 STR,Force,2015,580000.0,3200.0,Diesel
159,Suzuki SX4,Maruti,2012,265000.0,46000.0,Diesel
160,Suzuki Alto 800,Maruti,2015,219000.0,5000.0,Petrol
161,Jeep CL550 MDI,Mahindra,2018,385000.0,588.0,Diesel
162,Etios,Toyota,2011,275000.0,36000.0,Diesel
163,Polo,Volkswagen,2015,330000.0,38000.0,Diesel
164,City ZX VTEC,Honda,2008,110000.0,45000.0,Petrol
165,City VX O MT Diesel,Honda,2016,519000.0,52000.0,Diesel
166,Thar CRDe 4x4 AC,Mahindra,2016,730000.0,29000.0,Diesel
167,A4 1.8 TFSI Multitronic Premium Plus,Audi,2009,699000.0,47000.0,Petrol
168,Benz GLA Class 200 CDI Sport,Mercedes,2015,2000000.0,20000.0,Diesel
169,Rover Freelander 2 SE,Land,2015,2100000.0,30000.0,Diesel
170,Kwid RXT,Renault,2017,340000.0,5000.0,Petrol
171,Aria Pleasure 4X2,Tata,2014,390000.0,35000.0,Diesel
172,Benz B Class B180 Sports,Mercedes,2014,1400000.0,31000.0,Petrol
173,GO T O,Datsun,2016,245000.0,7000.0,Petrol
174,Indigo eCS LX TDI BS III,Tata,2016,320000.0,175400.0,Diesel
175,Jazz VX MT,Honda,2016,450000.0,41000.0,Petrol
176,Amaze 1.2 S i VTEC,Honda,2014,311000.0,33000.0,Petrol
177,City,Honda,2012,399999.0,45000.0,Petrol
178,City,Honda,2015,599999.0,39000.0,Diesel
179,Scorpio S4,Mahindra,2015,855000.0,30000.0,Diesel
180,i20 Active 1.4L SX O,Hyundai,2015,535000.0,37000.0,Diesel
181,Cooper S,Mini,2013,1891111.0,13000.0,Petrol
182,Suzuki Ciaz ZXI Plus,Maruti,2017,699000.0,14000.0,Petrol
183,Tavera Neo,Chevrolet,2013,375000.0,55000.0,Diesel
184,Eon Sportz,Hyundai,2012,178000.0,30000.0,Petrol
185,Sumo Gold Select Variant,Tata,2013,300000.0,50000.0,Diesel
186,Suzuki Eeco 5 STR WITH AC HTR,Maruti,2015,255000.0,9300.0,Petrol
187,Enjoy 1.4 LS 8 STR,Chevrolet,2013,245000.0,55000.0,Diesel
188,Suzuki Wagon R 1.0 VXi,Maruti,2015,289999.0,22000.0,Petrol
189,Terrano XL D Plus,Nissan,2015,499999.0,60000.0,Diesel
190,Duster 85 PS RxE Diesel,Renault,2014,489999.0,59000.0,Diesel
191,Duster 85 PS RxL Diesel,Renault,2015,549999.0,19000.0,Diesel
192,Suzuki Dzire ZXI,Maruti,2013,380000.0,30000.0,Petrol
193,Kwid RXT Opt,Renault,2018,325000.0,15000.0,Petrol
194,Kwid 1.0 RXT AMT,Renault,2018,349999.0,10000.0,Petrol
195,Scala RxL Diesel,Renault,2014,349999.0,49000.0,Diesel
196,Grand i10 Asta 1.2 Kappa VTVT O,Hyundai,2014,410000.0,41000.0,Petrol
197,Suzuki Swift Dzire VXi 1.2 BS IV,Maruti,2011,225000.0,45000.0,Petrol
198,Beat LS Petrol,Chevrolet,2010,120000.0,43000.0,Petrol
199,Beat LS Petrol,Chevrolet,2015,220000.0,32700.0,Petrol
200,EcoSport Titanium 1.5L TDCi,Ford,2016,599000.0,30000.0,Diesel
201,TUV300 T4 Plus,Mahindra,2016,675000.0,9000.0,Diesel
202,Indica V2 Xeta e GLE,Tata,2008,150000.0,11000.0,Petrol
203,Scorpio VLX Special Edition BS III,Mahindra,2004,230000.0,160000.0,Diesel
204,Accord,Honda,2009,175000.0,58559.0,Petrol
205,EcoSport Titanium 1.5 TDCi,Ford,2014,520000.0,57000.0,Diesel
206,Suzuki Ertiga,Maruti,2015,524999.0,50000.0,Diesel
207,Amaze,Honda,2014,299999.0,37000.0,Petrol
208,Suzuki Dzire,Maruti,2012,299999.0,40000.0,Petrol
209,City,Honda,2011,284999.0,55000.0,Petrol
210,Scorpio 2.6 CRDe,Mahindra,2007,220000.0,170000.0,Diesel
211,Suzuki Dzire,Maruti,2014,424999.0,55000.0,Diesel
212,City,Honda,2015,644999.0,39000.0,Petrol
213,Mobilio,Honda,2014,399999.0,44000.0,Petrol
214,Corolla Altis,Toyota,2009,199999.0,65000.0,Petrol
215,City,Honda,2014,584999.0,39000.0,Petrol
216,Laura,Skoda,2012,349999.0,44000.0,Diesel
217,Duster,Renault,2015,449999.0,49000.0,Diesel
218,Suzuki Ertiga,Maruti,2018,799999.0,9000.0,Diesel
219,Suzuki Dzire,Maruti,2015,444999.0,45000.0,Diesel
220,XUV500,Mahindra,2014,649999.0,47000.0,Diesel
221,Verna Fluidic,Hyundai,2012,444999.0,40000.0,Diesel
222,Suzuki Vitara Brezza,Maruti,2016,689999.0,29000.0,Diesel
223,Suzuki Wagon R,Maruti,2016,344999.0,15000.0,Petrol
224,Scorpio,Mahindra,2015,944999.0,45000.0,Diesel
225,Amaze,Honda,2014,274999.0,35000.0,Petrol
226,XUV500,Mahindra,2013,689999.0,80000.0,Diesel
227,Scorpio,Mahindra,2013,574999.0,68000.0,Diesel
228,Laura,Skoda,2013,374999.0,50000.0,Diesel
229,Polo,Volkswagen,2010,199999.0,60000.0,Diesel
230,Elite i20,Hyundai,2016,549999.0,9000.0,Petrol
231,Manza Aura Quadrajet,Tata,2012,130000.0,72000.0,Diesel
232,Sail UVA Petrol LT ABS,Chevrolet,2013,210000.0,60000.0,Petrol
233,Verna Fluidic 1.6 VTVT SX,Hyundai,2013,401000.0,45000.0,Diesel
234,A4 2.0 TDI 177bhp Premium,Audi,2012,1350000.0,40000.0,Diesel
235,Elantra SX,Hyundai,2013,600000.0,20000.0,Petrol
236,Scorpio VLX 4WD Airbag,Mahindra,2013,610000.0,35000.0,Diesel
237,KUV100 K8 D 6 STR,Mahindra,2016,400000.0,20000.0,Diesel
238,Grand i10,Hyundai,2017,524999.0,6821.0,Petrol
239,i20,Hyundai,2014,449999.0,23000.0,Petrol
240,Eon,Hyundai,2014,174999.0,14000.0,Petrol
241,i10,Hyundai,2012,244999.0,38000.0,Petrol
242,i20 Active,Hyundai,2015,574999.0,35000.0,Diesel
243,Redi GO,Datsun,2017,244999.0,22000.0,Petrol
244,Etios Liva,Toyota,2011,239999.0,41000.0,Petrol
245,Verna,Hyundai,2014,489999.0,44000.0,Diesel
246,Suzuki Swift,Maruti,2013,324999.0,45000.0,Diesel
247,Fortuner,Toyota,2011,1074999.0,52000.0,Diesel
248,i10 Sportz,Hyundai,2012,230000.0,34000.0,Petrol
249,Bolero Power Plus SLE,Mahindra,2018,699000.0,1800.0,Diesel
250,XUV500,Mahindra,2015,1000000.0,15000.0,Diesel
251,City 1.5 V MT Exclusive,Honda,2010,240000.0,400000.0,Petrol
252,Spark LT 1.0 Airbag,Chevrolet,2009,110000.0,44000.0,Petrol
253,XUV500,Mahindra,2016,1130000.0,72000.0,Diesel
254,Indigo eCS VX CR4 BS IV,Tata,2014,250000.0,40000.0,Diesel
255,Rapid Elegance 1.6 TDI CR MT,Skoda,2013,340000.0,48000.0,Diesel
256,Vista Quadrajet VX,Tata,2011,120000.0,90000.0,Diesel
257,Suzuki Alto K10 VXi AT,Maruti,2015,265000.0,12000.0,Petrol
258,i10 Magna 1.2,Hyundai,2011,175000.0,45000.0,Petrol
259,Suzuki Swift Dzire Tour LDi,Maruti,2016,350000.0,166000.0,Diesel
260,City ZX EXi,Honda,2008,149000.0,42000.0,Petrol
261,Beat Diesel,Chevrolet,2017,150000.0,62000.0,Diesel
262,City 1.5 S MT,Honda,2010,225000.0,70000.0,Petrol
263,Verna 1.4 VTVT,Hyundai,2014,375000.0,36000.0,Petrol
264,Suzuki Swift,Maruti,2014,335000.0,55000.0,Diesel
265,Elite i20 Asta 1.4 CRDI,Hyundai,2015,450000.0,20000.0,Diesel
266,Suzuki Swift Dzire VXi 1.2 BS IV,Maruti,2012,225000.0,40000.0,Petrol
267,Indigo LX TDI BS III,Tata,2016,130000.0,104000.0,Diesel
268,Vento Konekt Diesel Highline,Volkswagen,2011,245000.0,65000.0,Diesel
269,Benz C Class 200 CDI Classic,Mercedes,2002,399000.0,41000.0,Petrol
270,Suzuki Ertiga VDi,Maruti,2013,450000.0,90000.0,Diesel
271,Sonata Transform 2.4 GDi MT,Hyundai,2017,190000.0,36469.0,Diesel
272,Elite i20 Sportz 1.2,Hyundai,2018,600000.0,7800.0,Petrol
273,Suzuki Alto 800 Lxi,Maruti,2017,240000.0,60000.0,Petrol
274,Suzuki Alto LXi BS III,Maruti,2011,155000.0,32000.0,Petrol
275,Jazz S MT,Honda,2009,169999.0,24695.0,Petrol
276,Grand i10 Sportz 1.2 Kappa VTVT,Hyundai,2017,450000.0,15141.0,Petrol
277,Scorpio W Turbo 2.6DX 9 Seater,Mahindra,2012,165000.0,65000.0,Diesel
278,Suzuki Alto K10 VXi,Maruti,2014,270000.0,22000.0,Petrol
279,Grand i10 Asta 1.2 Kappa VTVT,Hyundai,2016,280000.0,59910.0,Diesel
280,XUV500 W8,Mahindra,2012,560000.0,100000.0,Diesel
281,Creta 1.6 SX Plus Petrol,Hyundai,2016,950000.0,25000.0,Petrol
282,i20 Magna O 1.2,Hyundai,2013,310000.0,35000.0,Petrol
283,Duster 85 PS RxL Explore LE,Renault,2015,715000.0,65000.0,Diesel
284,Grand i10 Sportz 1.2 Kappa VTVT,Hyundai,2014,340000.0,35000.0,Petrol
285,Brio V MT,Honda,2012,235000.0,33000.0,Petrol
286,TUV300 T4 Plus,Mahindra,2017,610000.0,68000.0,Diesel
287,TUV300 T8,Mahindra,2018,1000000.0,4500.0,Diesel
288,Suzuki Swift Dzire Tour LDi,Maruti,2015,220000.0,129000.0,Diesel
289,Suzuki Alto 800 Vxi,Maruti,2015,230000.0,5000.0,Petrol
290,Fortuner 3.0 4x4 MT,Toyota,2010,940000.0,131000.0,Diesel
291,Manza ELAN Quadrajet,Tata,2010,155555.0,111111.0,Petrol
292,Benz A Class A 180 Sport Petrol,Mercedes,2013,1500000.0,14000.0,Petrol
293,Beat LS Diesel,Chevrolet,2016,210000.0,22000.0,Diesel
294,EcoSport Trend 1.5L TDCi,Ford,2013,495000.0,38000.0,Diesel
295,Indigo LS,Tata,2016,125000.0,70000.0,Diesel
296,i20 Magna 1.2,Hyundai,2010,195000.0,36000.0,Petrol
297,Vento Highline Plus 1.5 Diesel AT,Volkswagen,2015,550000.0,34000.0,Diesel
298,Kwid RXT,Renault,2015,270000.0,43000.0,Petrol
299,EcoSport Titanium 1.5L TDCi,Ford,2014,500000.0,40000.0,Diesel
300,Amaze 1.5 E i DTEC,Honda,2016,240000.0,160000.0,Diesel
301,Verna 1.6 EX VTVT,Hyundai,2017,800000.0,12000.0,Petrol
302,5 Series 520d Sedan,BMW,2011,1299000.0,49000.0,Diesel
303,Superb 1.8 TFSI AT,Skoda,2011,530000.0,68000.0,Petrol
304,Q3 2.0 TDI quattro Premium,Audi,2013,1499000.0,37000.0,Diesel
305,Bolero DI BSII,Mahindra,2012,220000.0,59466.0,Diesel
306,Figo Duratorq Diesel Titanium 1.4,Ford,2012,250000.0,99000.0,Diesel
307,Suzuki Wagon R VXI BS IV,Maruti,2018,395000.0,25500.0,Petrol
308,Logan Diesel 1.5 DLS,Mahindra,2009,130000.0,66000.0,Petrol
309,TUV300 T4 Plus,Mahindra,2016,540000.0,35000.0,Diesel
310,Elite i20 Magna 1.2,Hyundai,2015,405000.0,28000.0,Petrol
311,Elite i20 Magna 1.2,Hyundai,2015,400000.0,30000.0,Petrol
312,City SV,Honda,2017,760000.0,4000.0,Petrol
313,Suzuki Baleno Delta 1.2,Maruti,2016,500000.0,28000.0,Petrol
314,Figo Petrol LXI,Ford,2011,175000.0,75000.0,Petrol
315,City,Honda,2017,750000.0,3000.0,Petrol
316,Elite i20 Magna 1.2,Hyundai,2015,419000.0,20000.0,Petrol
317,Eon Era Plus,Hyundai,2018,140000.0,2110.0,Petrol
318,Pajero Sport Limited Edition,Mitsubishi,2015,1540000.0,43222.0,Petrol
319,i10 Magna 1.2 Kappa2,Hyundai,2008,275000.0,100200.0,Petrol
320,Corolla H2,Toyota,2003,150000.0,100000.0,Petrol
321,Indigo CS eLS BS IV,Tata,2015,123000.0,100000.0,Diesel
322,Xcent Base 1.1 CRDi,Hyundai,2016,300000.0,140000.0,Diesel
323,Accent Executive Edition,Hyundai,2009,165000.0,48000.0,Petrol
324,Suzuki Baleno Delta 1.2,Maruti,2016,498000.0,22000.0,Petrol
325,Zest XE 75 PS Diesel,Tata,2018,480000.0,103553.0,Diesel
326,Suzuki Dzire LDI,Maruti,2017,488000.0,80000.0,Diesel
327,Sumo Gold LX BS IV,Tata,2014,250000.0,99000.0,Diesel
328,Corolla Altis GL Petrol,Toyota,2010,220000.0,58000.0,Petrol
329,Suzuki Eeco 7 STR,Maruti,2013,290000.0,70000.0,LPG
330,Fortuner 3.0 4x2 MT,Toyota,2015,1525000.0,120000.0,Diesel
331,XUV500 W6,Mahindra,2013,548900.0,49800.0,Diesel
332,Suzuki Ertiga Vxi,Maruti,2015,550000.0,75000.0,Petrol
333,Mobilio S i DTEC,Honda,2014,399000.0,44000.0,Diesel
334,Suzuki Ertiga,Maruti,2016,730000.0,55000.0,Diesel
335,Suzuki Vitara Brezza,Maruti,2017,725000.0,36000.0,Diesel
336,Verna 1.6 CRDI E,Hyundai,2016,195000.0,56000.0,Diesel
337,Suzuki Swift VXI BSIII,Maruti,2007,130000.0,62000.0,Petrol
338,Suzuki Omni Select Variant,Maruti,2014,190000.0,6020.0,Petrol
339,Amaze,Honda,2013,250000.0,55700.0,Diesel
340,Santro Xing,Hyundai,2003,120000.0,50000.0,Petrol
341,Suzuki Zen Estilo,Maruti,2010,149000.0,35000.0,Petrol
342,Suzuki Wagon R LXI BS IV,Maruti,2014,250000.0,18500.0,Petrol
343,Suzuki Wagon R,Maruti,2007,120000.0,7000.0,Petrol
344,Brio VX AT,Honda,2017,450000.0,11000.0,Petrol
345,Suzuki Zen Estilo LXI Green CNG,Maruti,2008,135000.0,23000.0,Petrol
346,Suzuki Wagon R Select Variant,Maruti,2016,225000.0,35500.0,Diesel
347,Kwid RXT,Renault,2019,370000.0,1000.0,Petrol
348,XE XE Portfolio,Jaguar,2016,2800000.0,8500.0,Petrol
349,Eon Magna Plus,Hyundai,2014,190000.0,35000.0,Petrol
350,City 1.5 S MT,Honda,2014,499000.0,22000.0,Petrol
351,Suzuki Ritz GENUS VXI,Maruti,2010,149000.0,40000.0,Petrol
352,Grand i10 Magna AT 1.2 Kappa VTVT,Hyundai,2017,400000.0,20000.0,Petrol
353,Eon D Lite Plus,Hyundai,2016,120000.0,87000.0,Petrol
354,Suzuki Swift Dzire VXi 1.2 BS IV,Maruti,2015,250000.0,55000.0,Petrol
355,Suzuki Wagon R VXI BS IV,Maruti,2017,375000.0,23000.0,Petrol
356,Amaze 1.2 VX i VTEC,Honda,2014,381000.0,6000.0,Petrol
357,Suzuki Estilo VXi ABS BS IV,Maruti,2013,180000.0,65000.0,Petrol
358,Suzuki Vitara Brezza LDi O,Maruti,2016,580000.0,25000.0,Diesel
359,Suzuki Eeco 5 STR WITH AC HTR,Maruti,2015,278000.0,39000.0,Petrol
360,Creta 1.6 SX Plus Petrol AT,Hyundai,2016,1000000.0,8000.0,Petrol
361,Scorpio Vlx BSIV,Mahindra,2013,690000.0,75000.0,Diesel
362,Suzuki Ertiga VDi,Maruti,2012,480000.0,51000.0,Diesel
363,Grand i10 Magna 1.2 Kappa VTVT,Hyundai,2015,340000.0,53000.0,Petrol
364,Eon D Lite Plus,Hyundai,2018,260000.0,25000.0,Petrol
365,Fiesta SXi 1.6 ABS,Ford,2009,250000.0,56400.0,Petrol
366,Suzuki Ritz VDi,Maruti,2010,180000.0,72160.0,Diesel
367,Verna Fluidic New,Hyundai,2012,350000.0,10000.0,Diesel
368,Suzuki Estilo LX BS IV,Maruti,2007,115000.0,36000.0,Petrol
369,A6 2.0 TDI Premium,Audi,2012,1599000.0,11500.0,Diesel
370,Suzuki Wagon R LXi BS III,Maruti,2003,130000.0,133000.0,Petrol
371,Suzuki Wagon R,Maruti,2009,159000.0,27000.0,Petrol
372,Suzuki Wagon R,Maruti,2009,160000.0,35000.0,Petrol
373,Suzuki Alto,Maruti,2010,110000.0,55000.0,Petrol
374,Suzuki Baleno Sigma 1.2,Maruti,2016,425000.0,40000.0,Petrol
375,Verna 1.6 SX VTVT AT,Hyundai,2019,900000.0,2000.0,Petrol
376,Suzuki Swift GLAM,Maruti,2009,150000.0,45000.0,Petrol
377,Getz Prime 1.3 GVS,Hyundai,2009,110000.0,20000.0,Petrol
378,Getz Prime 1.3 GLX,Hyundai,2009,115000.0,20000.0,Petrol
379,Beat PS Diesel,Chevrolet,2012,215000.0,65422.0,Diesel
380,EcoSport Trend 1.5 Ti VCT,Ford,2017,580000.0,10000.0,Petrol
381,Suzuki Dzire ZXI,Maruti,2013,380000.0,35000.0,Petrol
382,Fluidic Verna 1.6 CRDi SX,Hyundai,2013,350000.0,117000.0,Diesel
383,X1 xDrive20d xLine,BMW,2011,1150000.0,72000.0,Diesel
384,i20 Asta 1.2,Hyundai,2010,300000.0,10750.0,Petrol
385,City 1.5 V AT,Honda,2009,269000.0,55000.0,Petrol
386,Cruze LTZ AT,Chevrolet,2014,400000.0,41000.0,Diesel
387,Verna Fluidic New,Hyundai,2015,430000.0,73000.0,Diesel
388,Suzuki Swift Dzire VDi,Maruti,2011,140000.0,65000.0,Diesel
389,XUV500 W10,Mahindra,2018,1299000.0,40000.0,Diesel
390,Suzuki Alto K10 LXi CNG,Maruti,2014,199000.0,37000.0,Petrol
391,Motors One SUV,Force,2013,550000.0,140000.0,Diesel
392,Suzuki Alto,Maruti,2019,265000.0,9800.0,Petrol
393,i10,Hyundai,2009,215000.0,27000.0,Petrol
394,Etios Liva GD,Toyota,2012,380000.0,20000.0,Diesel
395,Duster 85PS Diesel RxL Optional with Nav,Renault,2013,401919.0,57923.0,Diesel
396,Enjoy,Chevrolet,2014,490000.0,30201.0,Diesel
397,Suzuki Alto 800 Lxi,Maruti,2017,280000.0,6200.0,Petrol
398,5 Series 530i,BMW,2009,650000.0,37518.0,Petrol
399,Etios Liva G,Toyota,2014,160000.0,24652.0,Petrol
400,Beat LS Diesel,Chevrolet,2016,225000.0,95000.0,Diesel
401,Cruze LTZ,Chevrolet,2011,350000.0,35000.0,Diesel
402,Wrangler Unlimited 4x4 Diesel,Jeep,2015,950000.0,3528.0,Diesel
403,Suzuki Ertiga VDi,Maruti,2013,485000.0,52500.0,Diesel
404,Verna VGT CRDi SX ABS,Hyundai,2010,205000.0,47900.0,Diesel
405,Suzuki Omni,Maruti,2012,160000.0,14000.0,Petrol
406,Suzuki Celerio VDi,Maruti,2018,310000.0,37000.0,Petrol
407,Zest Quadrajet 1.3,Tata,2017,180000.0,90000.0,Diesel
408,XUV500 W6,Mahindra,2013,549900.0,52800.0,Diesel
409,Indigo CS eLX BS IV,Tata,2016,150000.0,104000.0,Diesel
410,i10 Era,Hyundai,2011,175000.0,30000.0,Petrol
411,Indigo LX TDI BS III,Tata,2016,230000.0,104000.0,Diesel
412,Indigo eCS LX CR4 BS IV,Tata,2016,230000.0,104000.0,Diesel
413,Indigo Marina LS,Tata,2004,180000.0,70000.0,Diesel
414,Xcent SX 1.2,Hyundai,2015,400000.0,43000.0,Diesel
415,Eon Magna Plus,Hyundai,2013,185000.0,23000.0,Petrol
416,Duster 85 PS RxL Diesel,Renault,2015,385000.0,51000.0,Diesel
417,Duster 110 PS RxZ Diesel,Renault,2013,435000.0,39000.0,Diesel
418,Suzuki Wagon R AX BSIV,Maruti,2010,225000.0,40000.0,Petrol
419,Suzuki Swift,Maruti,2006,189700.0,48247.0,Petrol
420,Suzuki Ertiga,Maruti,2012,389700.0,39000.0,Diesel
421,Suzuki Swift VXi 1.2 ABS BS IV,Maruti,2014,365000.0,23000.0,Petrol
422,Suzuki Alto K10 New,Maruti,2017,360000.0,9400.0,Petrol
423,i20 Magna,Hyundai,2010,210000.0,50000.0,Petrol
424,i10 Magna 1.2,Hyundai,2009,170000.0,75000.0,Petrol
425,Zest XE 75 PS Diesel,Tata,2017,380000.0,70000.0,Diesel
426,Xylo E8,Mahindra,2009,295000.0,64000.0,Diesel
427,Corolla Altis GL Petrol,Toyota,2010,185000.0,55000.0,Petrol
428,Manza Aqua Quadrajet,Tata,2014,160000.0,200000.0,Diesel
429,Kwid 1.0,Renault,2018,290000.0,2137.0,Petrol
430,Suzuki Swift Dzire Tour LXi,Maruti,2014,315000.0,44000.0,Petrol
431,Octavia Classic 1.9 TDI MT,Skoda,2006,114990.0,65000.0,Diesel
432,Suzuki Omni LPG BS IV,Maruti,2012,120000.0,160000.0,LPG
433,Beat Diesel,Chevrolet,2011,125000.0,56000.0,Diesel
434,Sumo Gold EX BS IV,Tata,2012,210000.0,75000.0,Diesel
435,Verna 1.6 CRDI SX,Hyundai,2018,855000.0,42000.0,Diesel
436,Scorpio 2.6 CRDe,Mahindra,2007,260000.0,56000.0,Diesel
437,Suzuki Swift Dzire VXi 1.2 BS IV,Maruti,2011,255000.0,64000.0,Petrol
438,Scorpio SLX 2.6 Turbo 8 Str,Mahindra,2008,300000.0,70000.0,Diesel
439,Grand i10 Sportz 1.2 Kappa VTVT,Hyundai,2014,340000.0,25000.0,Petrol
440,Elite i20 Sportz 1.2,Hyundai,2017,550000.0,15000.0,Petrol
441,Innova 2.5 V 7 STR,Toyota,2011,750000.0,147000.0,Diesel
442,Sunny XL,Nissan,2011,230000.0,52000.0,Petrol
443,Beat LT Diesel,Chevrolet,2012,130000.0,90001.0,Diesel
444,Suzuki Alto 800 Lxi,Maruti,2017,270000.0,21000.0,Petrol
445,Suzuki Swift VDi BS IV,Maruti,2012,280000.0,48006.0,Diesel
446,Suzuki Swift,Maruti,2012,280000.0,48006.0,Diesel
447,Innova 2.0 G4,Toyota,2012,600000.0,80000.0,Diesel
448,Suzuki Swift VDi ABS,Maruti,2010,190000.0,74000.0,Diesel
449,Elite i20 Asta 1.2,Hyundai,2015,500000.0,22000.0,Petrol
450,XUV500 W10,Mahindra,2016,1065000.0,41000.0,Diesel
451,Polo Trendline 1.5L D,Volkswagen,2015,350000.0,25000.0,Diesel
452,Etios Liva Diesel,Toyota,2012,350000.0,85000.0,Diesel
453,TUV300 T4 Plus,Mahindra,2016,540000.0,29500.0,Diesel
454,Elite i20 Asta 1.2,Hyundai,2015,470000.0,30000.0,Petrol
455,Santro Xing GLS,Hyundai,2014,179000.0,57000.0,Petrol
456,Suzuki Ciaz ZXi Plus RS,Maruti,2016,650000.0,50000.0,Petrol
457,Eon Era Plus,Hyundai,2013,190000.0,39700.0,Petrol
458,Elantra 1.8 S,Hyundai,2012,500000.0,65000.0,Petrol
459,Suzuki Swift VDi,Maruti,2010,270000.0,67000.0,Diesel
460,Suzuki Zen Estilo LXI Green CNG,Maruti,2008,125000.0,46000.0,Petrol
461,Eon Era Plus,Hyundai,2012,188000.0,38000.0,Petrol
462,Grand i10 Magna 1.2 Kappa VTVT,Hyundai,2016,380000.0,27000.0,Petrol
463,Verna Fluidic New,Hyundai,2011,365000.0,43000.0,Diesel
464,EcoSport Trend 1.5L Ti VCT,Ford,2014,465000.0,47000.0,Petrol
465,i20 Magna,Hyundai,2011,240000.0,42000.0,Petrol
466,Beat Diesel,Chevrolet,2016,179999.0,19336.0,Diesel
467,Indica eV2 LS,Tata,2015,140000.0,60105.0,Diesel
468,XF 2.2 Diesel Luxury,Jaguar,2013,2190000.0,29000.0,Diesel
469,Q5 2.0 TDI quattro Premium Plus,Audi,2014,2390000.0,34000.0,Diesel
470,3 Series 320d Sedan,BMW,2011,1075000.0,35000.0,Diesel
471,Suzuki Swift ZXi 1.2 BS IV,Maruti,2015,475000.0,22000.0,Petrol
472,X1 sDrive20d,BMW,2012,1025000.0,41000.0,Diesel
473,Suzuki S Cross Sigma 1.3,Maruti,2016,615000.0,21000.0,Diesel
474,Suzuki Ertiga LDi,Maruti,2013,475000.0,48000.0,Diesel
475,Suzuki Alto K10 VXi AMT,Maruti,2016,270000.0,38000.0,Petrol
476,City SV,Honda,2014,475000.0,34000.0,Diesel
477,Vento Comfortline Petrol,Volkswagen,2011,240000.0,45933.0,Petrol
478,City 1.5 EXi New,Honda,2005,120000.0,68000.0,Petrol
479,A4 2.0 TDI 177bhp Premium,Audi,2016,1900000.0,44000.0,Diesel
480,KUV100,Mahindra,2017,360000.0,35000.0,Diesel
481,Zest XE 75 PS Diesel,Tata,2018,450000.0,102563.0,Diesel
482,XUV500 W8,Mahindra,2015,900000.0,28600.0,Diesel
483,Suzuki Swift Dzire Tour VDi,Maruti,2017,650000.0,41800.0,Diesel
484,Sumo Gold LX BS IV,Tata,2014,275000.0,116000.0,Diesel
485,Suzuki Swift Dzire VXi 1.2 BS IV,Maruti,2009,210000.0,59000.0,Petrol
486,Scorpio 2.6 SLX,Mahindra,2004,175000.0,58000.0,Diesel
487,Pajero Sport Limited Edition,Mitsubishi,2015,1490000.0,42590.0,Diesel
488,Duster,Renault,2014,800000.0,7400.0,Diesel
489,Jetta Comfortline 1.9 TDI AT,Volkswagen,2009,450000.0,54500.0,Diesel
490,Suzuki Ertiga Vxi,Maruti,2012,1000000.0,200000.0,Diesel
491,A4 2.0 TDI 177bhp Premium,Audi,2013,1510000.0,27000.0,Diesel
492,S80 Summum D4,Volvo,2015,1850000.0,42000.0,Diesel
493,Corolla Altis VL AT Petrol,Toyota,2014,790000.0,29000.0,Petrol
494,Pajero Sport 2.5 AT,Mitsubishi,2015,1725000.0,37000.0,Diesel
495,Beat LT Petrol,Chevrolet,2012,135000.0,36000.0,Petrol
496,X1,BMW,2011,1000000.0,34000.0,Diesel
497,Redi GO S,Datsun,2018,299999.0,7000.0,Petrol
498,Benz C Class C 220 CDI Avantgarde,Mercedes,2009,1225000.0,76000.0,Diesel
499,Scorpio SLX,Mahindra,2004,175000.0,60000.0,Diesel
500,Vento Comfortline Diesel,Volkswagen,2011,200000.0,95000.0,Diesel
501,Indigo CS GLS,Tata,2017,270000.0,50000.0,Diesel
502,City ZX GXi,Honda,2006,180000.0,50000.0,Petrol
503,Suzuki Wagon R Duo Lxi,Maruti,2008,140000.0,68000.0,Petrol
504,EcoSport Trend 1.5L TDCi,Ford,2014,400000.0,16000.0,Petrol
505,Suzuki Swift Dzire VDi,Maruti,2016,499000.0,51000.0,Diesel
506,Duster RxL Petrol,Renault,2015,550000.0,36000.0,Petrol
507,Suzuki Swift VXi 1.2 BS IV,Maruti,2014,370000.0,11523.0,Petrol
508,Suzuki Baleno Zeta 1.2,Maruti,2018,690000.0,1000.0,Petrol
509,WR V S MT Petrol,Honda,2009,250000.0,60000.0,Petrol
510,Indigo CS eLX BS IV,Tata,2016,110000.0,85000.0,Diesel
511,Duster 110 PS RxL Diesel,Renault,2013,490000.0,38600.0,Diesel
512,Scorpio LX BS III,Mahindra,2009,320000.0,95500.0,Diesel
513,Suzuki Wagon R LXi BS III,Maruti,2014,130000.0,37458.0,Petrol
514,Suzuki SX4 Celebration Diesel,Maruti,2016,970000.0,85960.0,Diesel
515,A3 Cabriolet 40 TFSI,Audi,2015,3100000.0,12516.0,Petrol
516,Eon D Lite Plus,Hyundai,2018,280000.0,35000.0,Petrol
517,Scorpio SLX,Mahindra,2008,285000.0,80000.0,Diesel
518,Santro AE GLS Audio,Hyundai,2011,165000.0,45000.0,Petrol
519,Suzuki Swift Dzire Tour VDi,Maruti,2009,250000.0,51000.0,Diesel
520,Xylo D2 BS IV,Mahindra,2011,390000.0,48000.0,Diesel
521,Beat LT Diesel,Chevrolet,2015,215000.0,90000.0,Diesel
522,Suzuki Swift Dzire VDi,Maruti,2015,475000.0,43000.0,Diesel
523,XUV500 W8,Mahindra,2015,899000.0,53000.0,Diesel
524,Fortuner 3.0 4x4 MT,Toyota,2013,1499000.0,97000.0,Diesel
525,Suzuki Alto K10 VXi,Maruti,2013,240000.0,20000.0,Petrol
526,Suzuki Swift Dzire Tour LDi,Maruti,2014,260000.0,120000.0,Diesel
527,Santro Xing XL AT eRLX Euro III,Hyundai,2007,115000.0,46000.0,Petrol
528,Xylo D2 BS IV,Mahindra,2011,390000.0,56000.0,Diesel
529,Santro Xing XL eRLX Euro III,Hyundai,2007,135000.0,42000.0,Petrol
530,i10 Sportz 1.2,Hyundai,2011,220000.0,38000.0,Petrol
531,Grand i10 Magna 1.2 Kappa VTVT,Hyundai,2017,424999.0,2550.0,Petrol
532,Santro Xing XL AT eRLX Euro III,Hyundai,2007,135000.0,47000.0,Petrol
533,Micra XL,Nissan,2017,430000.0,62500.0,Diesel
534,City 1.5 S Inspire,Honda,2005,115000.0,68000.0,Petrol
535,Suzuki Alto 800 Lxi,Maruti,2015,215000.0,50000.0,Petrol
536,Suzuki Ertiga VDi,Maruti,2012,500000.0,48000.0,Diesel
537,Suzuki Omni E 8 STR BS IV,Maruti,2013,165000.0,25000.0,Petrol
538,Eon Era Plus,Hyundai,2014,200000.0,28400.0,Petrol
539,Eon,Hyundai,2014,200000.0,28000.0,Petrol
540,Suzuki Swift LDi,Maruti,2015,425000.0,42000.0,Diesel
541,Verna 1.6 CRDI SX Plus AT,Hyundai,2012,600000.0,29000.0,Diesel
542,Tavera LS B3 10 Seats BSII,Chevrolet,2005,130000.0,68485.0,Diesel
543,Tiago Revotron XM,Tata,2018,430000.0,3500.0,Petrol
544,KUV100 K8 D 6 STR,Mahindra,2018,560000.0,8000.0,Diesel
545,EcoSport Titanium 1.5 TDCi,Ford,2014,590000.0,34000.0,Diesel
546,Motors Ambassador Classic Mark 4 – Befo,Hindustan,1995,750000.0,37000.0,Petrol
547,Fusion 1.4 TDCi Diesel,Ford,2007,125000.0,85455.0,Diesel
548,Santro Xing XL AT eRLX Euro III,Hyundai,2007,135000.0,46000.0,Petrol
549,Linea Emotion 1.4 L T Jet Petrol,Fiat,2009,120000.0,64000.0,Petrol
550,Suzuki Omni E 8 STR BS IV,Maruti,2017,240000.0,8000.0,Petrol
551,Indica V2 LS,Tata,2012,115000.0,64000.0,Diesel
552,Scorpio S4,Mahindra,2015,795000.0,63000.0,Diesel
553,Xylo D2,Mahindra,2009,300000.0,62000.0,Diesel
554,Grand i10 Asta 1.2 Kappa VTVT,Hyundai,2014,320000.0,41000.0,Petrol
555,Suzuki Alto 800 Lxi,Maruti,2015,265000.0,14000.0,Petrol
556,Corolla,Toyota,2006,160000.0,40000.0,Petrol
557,Eon Magna,Hyundai,2017,300000.0,1600.0,Petrol
558,Sumo Grande MKII GX,Tata,2010,130000.0,90000.0,Diesel
559,Suzuki Swift VDi,Maruti,2011,250000.0,58000.0,Diesel
560,Polo Highline1.2L P,Volkswagen,2013,380000.0,27000.0,Petrol
561,Tiago Revotron XZ,Tata,2017,400000.0,31000.0,Petrol
562,Suzuki Swift LDi,Maruti,2009,120000.0,90000.0,Diesel
563,Suzuki Swift VDi,Maruti,2009,120000.0,90000.0,Diesel
564,Indigo eCS,Tata,2016,130000.0,150000.0,Diesel
565,Beat LS Diesel,Chevrolet,2014,189000.0,31000.0,Diesel
566,Xylo E8 BS IV,Mahindra,2011,365000.0,43000.0,Diesel
567,Eon D Lite Plus,Hyundai,2013,170000.0,20000.0,Petrol
568,Sumo Gold FX BSIII,Tata,2013,215000.0,100000.0,Petrol
569,Elite i20,Hyundai,2017,599999.0,31000.0,Petrol
570,i10 Magna 1.2 Kappa2,Hyundai,2009,400000.0,33000.0,Petrol
571,Creta,Hyundai,2016,900000.0,60000.0,Diesel
572,Polo,Volkswagen,2013,299999.0,48000.0,Diesel
573,Suzuki Dzire,Maruti,2014,374999.0,33000.0,Petrol
574,Bolt XM Petrol,Tata,2015,600000.0,15000.0,Petrol
575,Suzuki Ritz,Maruti,2010,150000.0,38000.0,Diesel
576,Suzuki Alto 800 Lxi,Maruti,2017,225000.0,12500.0,Petrol
577,Suzuki Dzire,Maruti,2009,210000.0,42000.0,Petrol
578,i20 Asta,Hyundai,2014,425000.0,31000.0,Petrol
579,Suzuki Swift Select Variant,Maruti,2008,162000.0,60000.0,Diesel
580,Scorpio VLX 2.2 mHawk Airbag BSIV,Mahindra,2014,650000.0,77000.0,Diesel
581,Innova 2.5 E 8 STR,Toyota,2012,750000.0,75000.0,Diesel
582,Xylo E8,Mahindra,2010,375000.0,40000.0,Diesel
583,i20 Magna 1.2,Hyundai,2011,230000.0,47000.0,Petrol
584,KUV100,Mahindra,2016,380000.0,26500.0,Petrol
585,KUV100 K8 6 STR,Mahindra,2019,560000.0,2875.0,Petrol
586,Go Plus,Datsun,2016,285000.0,13900.0,Petrol
587,Endeavor 4x4 Thunder Plus,Ford,2019,2900000.0,9000.0,Diesel
588,Suzuki Wagon R 1.0 VXi,Maruti,2016,395000.0,20000.0,Petrol
589,Suzuki Swift Select Variant,Maruti,2008,175000.0,58000.0,Diesel
590,Suzuki Alto 800 Lx,Maruti,2019,400000.0,1500.0,Petrol
591,Innova 2.5 Z Diesel 7 Seater,Toyota,2011,750000.0,75000.0,Diesel
592,Suzuki Alto 800,Maruti,2016,250000.0,2450.0,Petrol
593,Suzuki Alto AX,Maruti,2019,425000.0,1625.0,Petrol
594,Polo Highline1.2L P,Volkswagen,2017,525000.0,45000.0,Petrol
595,Logan,Mahindra,2009,130000.0,65000.0,Diesel
596,Scorpio,Mahindra,2011,475000.0,60123.0,Diesel
597,Sail 1.2 LS,Chevrolet,2013,300000.0,28000.0,Petrol
598,Eon,Hyundai,2018,260000.0,25000.0,Petrol
599,Etios G,Toyota,2013,265000.0,42000.0,Petrol
600,Qualis,Toyota,2003,180000.0,100000.0,Diesel
601,City 1.5 S MT,Honda,2009,270000.0,55000.0,Petrol
602,Zest XE 75 PS Diesel,Tata,2017,290000.0,120000.0,Diesel
603,Quanto C4,Mahindra,2013,325000.0,63000.0,Diesel
604,Indigo eCS LX CR4 BS IV,Tata,2016,160000.0,104000.0,Diesel
605,Suzuki Swift Dzire,Maruti,2016,350000.0,146000.0,Diesel
606,Elite i20,Hyundai,2011,290000.0,40000.0,Petrol
607,i20 Select Variant,Hyundai,2011,290000.0,40000.0,Petrol
608,Tavera Neo,Chevrolet,2007,465000.0,100800.0,Diesel
609,Suzuki Dzire,Maruti,2016,325000.0,150000.0,Diesel
610,Elite i20,Hyundai,2018,510000.0,2100.0,Petrol
611,City VX Petrol,Honda,2016,860000.0,95000.0,Petrol
612,Suzuki Dzire,Maruti,2016,450000.0,2500.0,Diesel
613,Getz,Hyundai,2006,125000.0,80000.0,Petrol
614,Benz C Class 200 K MT,Mercedes,2006,500001.0,15000.0,Petrol
615,Fabia,Skoda,2009,110000.0,45000.0,Petrol
616,Suzuki Ritz VXI ABS,Maruti,2011,270000.0,50000.0,Petrol
617,Indica V2 DLE BS III,Tata,2009,110000.0,30000.0,Diesel
618,Corolla Altis,Toyota,2009,300000.0,132000.0,Petrol
619,Zest XM Diesel,Tata,2018,260000.0,27000.0,Diesel
620,Quanto C8,Mahindra,2013,390000.0,40000.0,Diesel
